p1.- asignaturas inscritas;p2.- asignaturas aprobadas;aprobado;p[3.1 Aprendí más de lo que esperaba en modalidad online];p[3.2 Aprendí mucho conversando con mis compañeros];p[3.3 Aprendí lo necesario para aprobar las asignaturas aprobé];p[3.4 Si mido lo que aprendí, mis notas fueron mejores esperaba];p[3.5 Aprendí todo lo que corresponde las asignaturas cursadas];p[3.6 Estoy motivado por aprender en la modalidad online];p[3.7 Me gusta participar de charlas fuera de mis asignaturas];p[3.8 La participación grupos extracurriculares interesa poco];p[3.9 Me gustaría estar en un grupo extracur FUERA de mi área];p[3.10 Las clases online me motivan];p4.-su rendimiento fue
6;6;100;Parcialmente de acuerdo;Totalmente de acuerdo;Parcialmente de acuerdo;Totalmente de acuerdo;Parcialmente en desacuerdo;Totalmente de acuerdo;Totalmente de acuerdo;Parcialmente en desacuerdo;Parcialmente de acuerdo;Totalmente en desacuerdo;Bien
6;6;100;Parcialmente en desacuerdo;Indeciso;Indeciso;Indeciso;Parcialmente en desacuerdo;Totalmente en desacuerdo;Totalmente en desacuerdo;Totalmente de acuerdo;Parcialmente en desacuerdo;Totalmente en desacuerdo;Regular
6;6;100;Parcialmente en desacuerdo;Parcialmente en desacuerdo;Parcialmente en desacuerdo;Parcialmente en desacuerdo;Indeciso;Indeciso;Indeciso;Parcialmente en desacuerdo;Indeciso;Indeciso;Regular
6;6;100;Indeciso;Indeciso;Totalmente de acuerdo;Parcialmente de acuerdo;Totalmente de acuerdo;Totalmente de acuerdo;Indeciso;Indeciso;Parcialmente en desacuerdo;Indeciso;Regular
6;6;100;Indeciso;Totalmente de acuerdo;Parcialmente de acuerdo;Parcialmente de acuerdo;Parcialmente de acuerdo;Parcialmente de acuerdo;Totalmente en desacuerdo;Parcialmente de acuerdo;Indeciso;Parcialmente en desacuerdo;Bien
6;6;100;Indeciso;Parcialmente de acuerdo;Parcialmente de acuerdo;Parcialmente de acuerdo;Indeciso;Indeciso;Parcialmente de acuerdo;Parcialmente de acuerdo;Parcialmente de acuerdo;Indeciso;Regular
5;5;100;Indeciso;Parcialmente de acuerdo;Parcialmente de acuerdo;Parcialmente de acuerdo;Indeciso;Parcialmente de acuerdo;Indeciso;Indeciso;Parcialmente de acuerdo;Indeciso;Bien
6;6;100;Indeciso;Parcialmente de acuerdo;Parcialmente de acuerdo;Parcialmente de acuerdo;Indeciso;Indeciso;Parcialmente de acuerdo;Parcialmente de acuerdo;Parcialmente de acuerdo;Indeciso;Regular
5;5;100;Totalmente de acuerdo;Parcialmente de acuerdo;Parcialmente de acuerdo;Totalmente de acuerdo;Indeciso;Totalmente en desacuerdo;Indeciso;Parcialmente en desacuerdo;Parcialmente de acuerdo;Totalmente en desacuerdo;Bien
5;5;100;Totalmente de acuerdo;Indeciso;Parcialmente de acuerdo;Totalmente de acuerdo;Parcialmente de acuerdo;Indeciso;Indeciso;Totalmente de acuerdo;Parcialmente de acuerdo;Parcialmente de acuerdo;Bien
5;5;100;Parcialmente de acuerdo;Parcialmente en desacuerdo;Totalmente de acuerdo;Parcialmente de acuerdo;Parcialmente de acuerdo;Parcialmente de acuerdo;Totalmente de acuerdo;Totalmente en desacuerdo;Totalmente en desacuerdo;Indeciso;Muy bien
5;5;100;Parcialmente en desacuerdo;Indeciso;Parcialmente de acuerdo;Totalmente de acuerdo;Parcialmente en desacuerdo;Totalmente en desacuerdo;Parcialmente en desacuerdo;Indeciso;Totalmente en desacuerdo;Totalmente en desacuerdo;Bien
5;5;100;Totalmente de acuerdo;Parcialmente de acuerdo;Indeciso;Totalmente de acuerdo;Totalmente de acuerdo;Totalmente de acuerdo;Parcialmente de acuerdo;Parcialmente de acuerdo;Totalmente de acuerdo;Indeciso;Muy bien
5;5;100;Indeciso;Parcialmente en desacuerdo;Parcialmente de acuerdo;Parcialmente de acuerdo;Parcialmente de acuerdo;Totalmente de acuerdo;Totalmente de acuerdo;Totalmente de acuerdo;Totalmente de acuerdo;Parcialmente en desacuerdo;Bien
5;5;100;Parcialmente en desacuerdo;Parcialmente en desacuerdo;Indeciso;Parcialmente de acuerdo;Parcialmente en desacuerdo;Totalmente en desacuerdo;Totalmente en desacuerdo;Indeciso;Indeciso;Totalmente en desacuerdo;Mal
5;5;100;Indeciso;Parcialmente en desacuerdo;Parcialmente de acuerdo;Parcialmente de acuerdo;Parcialmente de acuerdo;Totalmente de acuerdo;Totalmente de acuerdo;Totalmente de acuerdo;Totalmente de acuerdo;Parcialmente en desacuerdo;Bien
5;5;100;Parcialmente de acuerdo;Indeciso;Parcialmente de acuerdo;Indeciso;Parcialmente de acuerdo;Totalmente de acuerdo;Indeciso;Parcialmente en desacuerdo;Indeciso;Totalmente de acuerdo;Bien
5;5;100;Parcialmente de acuerdo;Totalmente en desacuerdo;Parcialmente de acuerdo;Indeciso;Totalmente de acuerdo;Indeciso;Parcialmente en desacuerdo;Indeciso;Parcialmente de acuerdo;Parcialmente de acuerdo;Muy bien
6;6;100;Parcialmente en desacuerdo;Parcialmente de acuerdo;Parcialmente en desacuerdo;Parcialmente de acuerdo;Parcialmente en desacuerdo;Totalmente en desacuerdo;Parcialmente de acuerdo;Totalmente en desacuerdo;Parcialmente en desacuerdo;Totalmente en desacuerdo;Bien
5;5;100;Indeciso;Parcialmente en desacuerdo;Parcialmente de acuerdo;Parcialmente de acuerdo;Parcialmente en desacuerdo;Parcialmente en desacuerdo;Totalmente de acuerdo;Totalmente en desacuerdo;Parcialmente en desacuerdo;Parcialmente en desacuerdo;Regular
6;6;100;Indeciso;Parcialmente de acuerdo;Parcialmente de acuerdo;Totalmente de acuerdo;Indeciso;Indeciso;Indeciso;Totalmente de acuerdo;Totalmente de acuerdo;Parcialmente en desacuerdo;Regular
6;6;100;Totalmente en desacuerdo;Totalmente de acuerdo;Indeciso;Totalmente de acuerdo;Indeciso;Totalmente en desacuerdo;Indeciso;Totalmente de acuerdo;Parcialmente de acuerdo;Totalmente en desacuerdo;Muy bien
5;5;100;Totalmente en desacuerdo;Parcialmente de acuerdo;Indeciso;Indeciso;Totalmente en desacuerdo;Totalmente en desacuerdo;Parcialmente en desacuerdo;Totalmente en desacuerdo;Totalmente en desacuerdo;Totalmente en desacuerdo;Regular
6;6;100;Indeciso;Totalmente de acuerdo;Parcialmente de acuerdo;Parcialmente de acuerdo;Indeciso;Totalmente en desacuerdo;Indeciso;Totalmente de acuerdo;Totalmente en desacuerdo;Parcialmente en desacuerdo;Bien
6;6;100;Indeciso;Indeciso;Parcialmente de acuerdo;Parcialmente de acuerdo;Parcialmente de acuerdo;Indeciso;Indeciso;Indeciso;Totalmente en desacuerdo;Indeciso;Regular
6;6;100;Indeciso;Parcialmente de acuerdo;Parcialmente de acuerdo;Indeciso;Indeciso;Parcialmente de acuerdo;Parcialmente en desacuerdo;Indeciso;Totalmente en desacuerdo;Parcialmente de acuerdo;Bien
6;6;100;Indeciso;Parcialmente de acuerdo;Parcialmente de acuerdo;Parcialmente de acuerdo;Indeciso;Parcialmente de acuerdo;Parcialmente en desacuerdo;Totalmente en desacuerdo;Indeciso;Indeciso;Bien
6;6;100;Indeciso;Parcialmente de acuerdo;Parcialmente de acuerdo;Parcialmente de acuerdo;Indeciso;Indeciso;Parcialmente en desacuerdo;Parcialmente de acuerdo;Parcialmente en desacuerdo;Parcialmente de acuerdo;Bien
6;6;100;Parcialmente de acuerdo;Parcialmente de acuerdo;Parcialmente de acuerdo;Parcialmente de acuerdo;Indeciso;Parcialmente de acuerdo;Parcialmente de acuerdo;Indeciso;Indeciso;Indeciso;Bien
4;3;75;Parcialmente de acuerdo;Parcialmente de acuerdo;Parcialmente de acuerdo;Indeciso;Indeciso;Totalmente de acuerdo;Indeciso;Parcialmente en desacuerdo;Indeciso;Parcialmente de acuerdo;Mal
6;6;100;Totalmente en desacuerdo;Parcialmente de acuerdo;Indeciso;Parcialmente de acuerdo;Indeciso;Parcialmente en desacuerdo;Indeciso;Totalmente en desacuerdo;Indeciso;Parcialmente en desacuerdo;Bien
6;6;100;Parcialmente de acuerdo;Parcialmente de acuerdo;Parcialmente de acuerdo;Totalmente de acuerdo;Parcialmente de acuerdo;Totalmente en desacuerdo;Indeciso;Indeciso;Parcialmente en desacuerdo;Parcialmente en desacuerdo;Bien
6;6;100;Parcialmente de acuerdo;Totalmente de acuerdo;Parcialmente de acuerdo;Totalmente de acuerdo;Indeciso;Parcialmente en desacuerdo;Indeciso;Parcialmente en desacuerdo;Indeciso;Totalmente en desacuerdo;Bien
6;6;100;Indeciso;Parcialmente de acuerdo;Parcialmente de acuerdo;Parcialmente de acuerdo;Parcialmente de acuerdo;Indeciso;Indeciso;Indeciso;Indeciso;Parcialmente en desacuerdo;Bien
6;6;100;Totalmente de acuerdo;Totalmente de acuerdo;Totalmente de acuerdo;Totalmente de acuerdo;Parcialmente de acuerdo;Totalmente de acuerdo;Indeciso;Totalmente en desacuerdo;Parcialmente en desacuerdo;Indeciso;Muy bien
5;5;100;Parcialmente en desacuerdo;Parcialmente de acuerdo;Indeciso;Parcialmente de acuerdo;Parcialmente en desacuerdo;Indeciso;Indeciso;Indeciso;Indeciso;Parcialmente en desacuerdo;Regular
6;6;100;Indeciso;Parcialmente en desacuerdo;Parcialmente de acuerdo;Parcialmente de acuerdo;Indeciso;Indeciso;Parcialmente de acuerdo;Parcialmente de acuerdo;Parcialmente en desacuerdo;Parcialmente en desacuerdo;Regular
6;6;100;Indeciso;Parcialmente de acuerdo;Parcialmente de acuerdo;Parcialmente de acuerdo;Parcialmente de acuerdo;Indeciso;Indeciso;Indeciso;Parcialmente en desacuerdo;Indeciso;Bien
6;6;100;Parcialmente de acuerdo;Parcialmente de acuerdo;Parcialmente de acuerdo;Totalmente de acuerdo;Parcialmente de acuerdo;Parcialmente de acuerdo;Parcialmente de acuerdo;Parcialmente de acuerdo;Parcialmente de acuerdo;Parcialmente de acuerdo;Bien
6;6;100;Parcialmente de acuerdo;Totalmente de acuerdo;Parcialmente de acuerdo;Parcialmente de acuerdo;Indeciso;Totalmente en desacuerdo;Indeciso;Totalmente de acuerdo;Totalmente de acuerdo;Totalmente en desacuerdo;Bien
6;6;100;Parcialmente de acuerdo;Parcialmente de acuerdo;Parcialmente de acuerdo;Indeciso;;Totalmente de acuerdo;Parcialmente de acuerdo;Parcialmente de acuerdo;Parcialmente de acuerdo;Parcialmente de acuerdo;Bien
6;6;100;Parcialmente en desacuerdo;Indeciso;Parcialmente de acuerdo;Parcialmente de acuerdo;Parcialmente en desacuerdo;Parcialmente en desacuerdo;Totalmente en desacuerdo;Indeciso;Parcialmente en desacuerdo;Parcialmente en desacuerdo;Regular
6;6;100;Totalmente en desacuerdo;Parcialmente en desacuerdo;Parcialmente en desacuerdo;Parcialmente en desacuerdo;Totalmente en desacuerdo;Totalmente en desacuerdo;Totalmente en desacuerdo;Parcialmente de acuerdo;Parcialmente en desacuerdo;Totalmente en desacuerdo;Regular
6;6;100;Parcialmente en desacuerdo;Parcialmente de acuerdo;Indeciso;Indeciso;Parcialmente en desacuerdo;Indeciso;Totalmente en desacuerdo;Parcialmente de acuerdo;Totalmente de acuerdo;Totalmente en desacuerdo;Regular
6;6;100;Indeciso;Parcialmente de acuerdo;Parcialmente de acuerdo;Indeciso;Indeciso;Parcialmente de acuerdo;Indeciso;Parcialmente en desacuerdo;Totalmente en desacuerdo;Indeciso;Muy bien
6;6;100;Parcialmente en desacuerdo;Parcialmente de acuerdo;Totalmente de acuerdo;Parcialmente de acuerdo;Parcialmente en desacuerdo;Totalmente en desacuerdo;Totalmente en desacuerdo;Parcialmente en desacuerdo;Parcialmente en desacuerdo;Parcialmente en desacuerdo;Regular
5;5;100;Parcialmente de acuerdo;Indeciso;Totalmente de acuerdo;Totalmente de acuerdo;Totalmente de acuerdo;Totalmente de acuerdo;Indeciso;Indeciso;Indeciso;Parcialmente de acuerdo;Muy bien
5;5;100;Parcialmente en desacuerdo;Indeciso;Totalmente de acuerdo;Totalmente de acuerdo;Parcialmente de acuerdo;Indeciso;Parcialmente en desacuerdo;Indeciso;Parcialmente en desacuerdo;Parcialmente en desacuerdo;Bien
7;7;100;Parcialmente en desacuerdo;Parcialmente de acuerdo;Parcialmente en desacuerdo;Indeciso;Totalmente en desacuerdo;Totalmente en desacuerdo;Parcialmente en desacuerdo;Parcialmente en desacuerdo;Totalmente en desacuerdo;Totalmente en desacuerdo;Regular
5;5;100;Parcialmente en desacuerdo;Parcialmente de acuerdo;Parcialmente de acuerdo;Totalmente de acuerdo;Indeciso;Totalmente en desacuerdo;Indeciso;Indeciso;Indeciso;Totalmente en desacuerdo;Bien
6;6;100;Indeciso;Indeciso;Totalmente de acuerdo;Totalmente en desacuerdo;Indeciso;Totalmente en desacuerdo;Indeciso;Indeciso;Indeciso;Indeciso;Muy bien
6;5;83.33333333;Totalmente en desacuerdo;Parcialmente de acuerdo;Indeciso;Indeciso;Parcialmente en desacuerdo;Totalmente en desacuerdo;Totalmente en desacuerdo;Parcialmente de acuerdo;Parcialmente de acuerdo;Totalmente en desacuerdo;Bien
6;6;100;Parcialmente en desacuerdo;Indeciso;Indeciso;Indeciso;Parcialmente en desacuerdo;Indeciso;Indeciso;Parcialmente de acuerdo;Parcialmente de acuerdo;Parcialmente en desacuerdo;Regular
6;6;100;Indeciso;Parcialmente de acuerdo;;Indeciso;Parcialmente de acuerdo;Totalmente de acuerdo;Indeciso;Indeciso;Totalmente en desacuerdo;Indeciso;Bien
5;5;100;Indeciso;Indeciso;Parcialmente de acuerdo;Parcialmente de acuerdo;Indeciso;Indeciso;Parcialmente en desacuerdo;Parcialmente de acuerdo;Totalmente en desacuerdo;Indeciso;Bien
6;6;100;Indeciso;Parcialmente de acuerdo;Parcialmente de acuerdo;Parcialmente en desacuerdo;Parcialmente de acuerdo;Parcialmente de acuerdo;Indeciso;Parcialmente de acuerdo;Indeciso;;Bien
7;7;100;Parcialmente en desacuerdo;Parcialmente de acuerdo;Indeciso;Indeciso;Indeciso;Totalmente en desacuerdo;Totalmente en desacuerdo;Indeciso;Parcialmente en desacuerdo;Totalmente en desacuerdo;Bien
5;5;100;Totalmente de acuerdo;Parcialmente de acuerdo;Parcialmente de acuerdo;Totalmente de acuerdo;Parcialmente de acuerdo;Indeciso;Indeciso;Parcialmente de acuerdo;Indeciso;Indeciso;Bien
5;5;100;Indeciso;Parcialmente de acuerdo;Indeciso;Parcialmente de acuerdo;Parcialmente en desacuerdo;Parcialmente de acuerdo;Parcialmente en desacuerdo;Parcialmente de acuerdo;Parcialmente en desacuerdo;Indeciso;Regular
6;5;83.33333333;Parcialmente en desacuerdo;Indeciso;Totalmente en desacuerdo;Parcialmente de acuerdo;Parcialmente de acuerdo;Parcialmente en desacuerdo;Totalmente en desacuerdo;Totalmente en desacuerdo;Totalmente en desacuerdo;Totalmente en desacuerdo;Bien
7;7;100;Indeciso;Parcialmente de acuerdo;Parcialmente de acuerdo;Totalmente de acuerdo;Indeciso;Parcialmente en desacuerdo;Parcialmente de acuerdo;Indeciso;Indeciso;Parcialmente en desacuerdo;Regular
5;5;100;Parcialmente en desacuerdo;Parcialmente en desacuerdo;Parcialmente en desacuerdo;Parcialmente en desacuerdo;Parcialmente en desacuerdo;Parcialmente en desacuerdo;Parcialmente en desacuerdo;Parcialmente en desacuerdo;Parcialmente en desacuerdo;Parcialmente en desacuerdo;Regular
6;6;100;Totalmente de acuerdo;Indeciso;Totalmente de acuerdo;Parcialmente de acuerdo;Totalmente de acuerdo;Totalmente de acuerdo;Parcialmente en desacuerdo;Indeciso;Parcialmente en desacuerdo;Parcialmente de acuerdo;Muy bien
6;6;100;Parcialmente en desacuerdo;Parcialmente en desacuerdo;Totalmente de acuerdo;Indeciso;Indeciso;Totalmente en desacuerdo;Totalmente en desacuerdo;Totalmente en desacuerdo;Parcialmente de acuerdo;Totalmente en desacuerdo;Bien
6;6;100;Totalmente de acuerdo;Parcialmente de acuerdo;Totalmente de acuerdo;Parcialmente de acuerdo;Totalmente de acuerdo;Totalmente de acuerdo;Parcialmente de acuerdo;Parcialmente de acuerdo;Indeciso;Parcialmente de acuerdo;Bien
6;5;83.33333333;Parcialmente en desacuerdo;Parcialmente en desacuerdo;Totalmente en desacuerdo;Parcialmente en desacuerdo;Parcialmente en desacuerdo;Parcialmente en desacuerdo;Parcialmente en desacuerdo;Parcialmente en desacuerdo;Parcialmente en desacuerdo;Parcialmente en desacuerdo;Regular
6;6;100;Parcialmente en desacuerdo;Indeciso;Parcialmente de acuerdo;Indeciso;Parcialmente de acuerdo;Parcialmente en desacuerdo;Parcialmente en desacuerdo;Totalmente de acuerdo;Totalmente en desacuerdo;Parcialmente en desacuerdo;Regular
10;10;100;Totalmente en desacuerdo;Parcialmente de acuerdo;Totalmente en desacuerdo;Totalmente de acuerdo;Totalmente en desacuerdo;Totalmente en desacuerdo;Parcialmente en desacuerdo;Totalmente de acuerdo;Totalmente de acuerdo;Totalmente en desacuerdo;Regular
6;6;100;Parcialmente en desacuerdo;Parcialmente de acuerdo;Parcialmente en desacuerdo;Totalmente de acuerdo;Parcialmente en desacuerdo;Parcialmente en desacuerdo;Indeciso;Parcialmente de acuerdo;Totalmente en desacuerdo;Totalmente en desacuerdo;Muy bien
6;6;100;Totalmente de acuerdo;Parcialmente de acuerdo;Totalmente de acuerdo;Totalmente de acuerdo;Indeciso;Indeciso;Parcialmente en desacuerdo;Totalmente de acuerdo;Totalmente en desacuerdo;Indeciso;Muy mal
6;6;100;Indeciso;Parcialmente en desacuerdo;Totalmente de acuerdo;Parcialmente de acuerdo;Totalmente de acuerdo;Indeciso;Parcialmente en desacuerdo;Totalmente en desacuerdo;Totalmente en desacuerdo;Indeciso;Bien
7;7;100;Parcialmente en desacuerdo;Parcialmente en desacuerdo;Indeciso;Totalmente de acuerdo;Totalmente en desacuerdo;Parcialmente en desacuerdo;Parcialmente en desacuerdo;Totalmente en desacuerdo;Indeciso;Totalmente en desacuerdo;Muy bien
5;5;100;Totalmente en desacuerdo;Parcialmente de acuerdo;Parcialmente de acuerdo;Parcialmente de acuerdo;Parcialmente en desacuerdo;Totalmente en desacuerdo;Parcialmente en desacuerdo;Totalmente en desacuerdo;Parcialmente de acuerdo;Totalmente en desacuerdo;Bien
6;6;100;Totalmente en desacuerdo;Parcialmente de acuerdo;Parcialmente de acuerdo;Parcialmente de acuerdo;Parcialmente en desacuerdo;Parcialmente en desacuerdo;Indeciso;Totalmente de acuerdo;Totalmente en desacuerdo;Totalmente en desacuerdo;Regular
6;6;100;Parcialmente de acuerdo;Indeciso;Parcialmente de acuerdo;Totalmente de acuerdo;Indeciso;Totalmente de acuerdo;Indeciso;Parcialmente de acuerdo;Indeciso;Indeciso;Regular
6;6;100;Totalmente de acuerdo;Parcialmente de acuerdo;Totalmente de acuerdo;Parcialmente de acuerdo;Totalmente de acuerdo;Totalmente de acuerdo;Parcialmente de acuerdo;Indeciso;Indeciso;Totalmente de acuerdo;Bien
6;6;100;Parcialmente de acuerdo;Indeciso;Totalmente de acuerdo;Parcialmente en desacuerdo;Parcialmente de acuerdo;Parcialmente de acuerdo;Parcialmente de acuerdo;Parcialmente en desacuerdo;Totalmente de acuerdo;Parcialmente de acuerdo;Bien
5;0;0;Totalmente en desacuerdo;Totalmente en desacuerdo;Totalmente en desacuerdo;Totalmente en desacuerdo;Totalmente en desacuerdo;Parcialmente en desacuerdo;Parcialmente en desacuerdo;Totalmente en desacuerdo;Parcialmente en desacuerdo;Totalmente en desacuerdo;Muy mal
6;6;100;Totalmente en desacuerdo;Parcialmente de acuerdo;Parcialmente de acuerdo;Parcialmente de acuerdo;Parcialmente en desacuerdo;Parcialmente en desacuerdo;Indeciso;Totalmente de acuerdo;Totalmente en desacuerdo;Totalmente en desacuerdo;Regular
7;6;85.71428571;Totalmente de acuerdo;Totalmente de acuerdo;Totalmente de acuerdo;Totalmente de acuerdo;Totalmente de acuerdo;Totalmente de acuerdo;Totalmente de acuerdo;Totalmente de acuerdo;Totalmente de acuerdo;Totalmente de acuerdo;Muy bien
6;6;100;Parcialmente de acuerdo;Totalmente de acuerdo;Parcialmente en desacuerdo;Totalmente de acuerdo;Indeciso;Parcialmente de acuerdo;Parcialmente de acuerdo;Indeciso;Parcialmente de acuerdo;Parcialmente de acuerdo;Muy bien
7;7;100;Parcialmente en desacuerdo;Parcialmente en desacuerdo;Parcialmente en desacuerdo;Indeciso;Parcialmente en desacuerdo;Totalmente en desacuerdo;Parcialmente de acuerdo;Totalmente de acuerdo;Totalmente de acuerdo;Totalmente en desacuerdo;Regular
6;6;100;Parcialmente de acuerdo;Parcialmente de acuerdo;Totalmente de acuerdo;Parcialmente de acuerdo;Parcialmente de acuerdo;Totalmente de acuerdo;Parcialmente de acuerdo;Indeciso;Indeciso;Indeciso;Bien
-1;0;0;Indeciso;Totalmente en desacuerdo;Parcialmente de acuerdo;Parcialmente en desacuerdo;Parcialmente de acuerdo;Parcialmente de acuerdo;Indeciso;Indeciso;Indeciso;Parcialmente de acuerdo;Regular
6;5;83.33333333;Indeciso;Parcialmente de acuerdo;Indeciso;Parcialmente de acuerdo;Indeciso;Indeciso;Indeciso;Indeciso;Parcialmente en desacuerdo;Parcialmente en desacuerdo;Bien
7;7;100;Indeciso;Parcialmente en desacuerdo;Parcialmente en desacuerdo;Indeciso;Parcialmente en desacuerdo;Indeciso;Indeciso;Parcialmente de acuerdo;Parcialmente en desacuerdo;Totalmente en desacuerdo;Regular
6;6;100;Parcialmente en desacuerdo;Parcialmente en desacuerdo;Parcialmente de acuerdo;Parcialmente de acuerdo;Parcialmente en desacuerdo;Parcialmente de acuerdo;Indeciso;Parcialmente de acuerdo;Indeciso;Parcialmente en desacuerdo;Regular
6;6;100;Parcialmente en desacuerdo;Parcialmente de acuerdo;Indeciso;Parcialmente de acuerdo;Totalmente en desacuerdo;Totalmente en desacuerdo;Indeciso;Parcialmente de acuerdo;Totalmente en desacuerdo;Totalmente en desacuerdo;Mal
6;6;100;Parcialmente de acuerdo;Totalmente en desacuerdo;Totalmente de acuerdo;Indeciso;Parcialmente de acuerdo;Totalmente de acuerdo;Parcialmente en desacuerdo;Indeciso;Indeciso;Indeciso;Bien
7;6;85.71428571;Parcialmente en desacuerdo;Totalmente en desacuerdo;Totalmente en desacuerdo;Parcialmente de acuerdo;Indeciso;Totalmente en desacuerdo;Totalmente en desacuerdo;Parcialmente de acuerdo;Parcialmente de acuerdo;Totalmente en desacuerdo;Regular
6;6;100;Parcialmente en desacuerdo;Parcialmente de acuerdo;Parcialmente en desacuerdo;Totalmente de acuerdo;Parcialmente en desacuerdo;Indeciso;Totalmente de acuerdo;Totalmente en desacuerdo;Totalmente de acuerdo;Indeciso;Muy bien
6;6;100;Totalmente de acuerdo;Indeciso;Parcialmente de acuerdo;Parcialmente de acuerdo;Parcialmente de acuerdo;Parcialmente de acuerdo;Indeciso;Indeciso;Indeciso;Indeciso;Muy bien
6;6;100;Parcialmente de acuerdo;Parcialmente de acuerdo;Totalmente de acuerdo;Indeciso;Totalmente de acuerdo;Totalmente de acuerdo;Parcialmente en desacuerdo;Parcialmente en desacuerdo;Totalmente en desacuerdo;Indeciso;Bien
6;6;100;Indeciso;Indeciso;Parcialmente de acuerdo;Indeciso;Indeciso;Totalmente de acuerdo;Parcialmente de acuerdo;Parcialmente en desacuerdo;Parcialmente de acuerdo;Parcialmente de acuerdo;Regular
5;5;100;Parcialmente en desacuerdo;Totalmente en desacuerdo;Parcialmente de acuerdo;Parcialmente de acuerdo;Parcialmente de acuerdo;Parcialmente en desacuerdo;Totalmente en desacuerdo;Totalmente en desacuerdo;Totalmente en desacuerdo;Indeciso;Bien
6;6;100;Parcialmente en desacuerdo;Parcialmente en desacuerdo;Totalmente en desacuerdo;Parcialmente en desacuerdo;Parcialmente en desacuerdo;Parcialmente en desacuerdo;Totalmente en desacuerdo;Parcialmente en desacuerdo;Totalmente en desacuerdo;Parcialmente en desacuerdo;Mal
6;6;100;Parcialmente en desacuerdo;Parcialmente en desacuerdo;Indeciso;Totalmente de acuerdo;Parcialmente en desacuerdo;Totalmente de acuerdo;Totalmente de acuerdo;Totalmente en desacuerdo;Totalmente de acuerdo;Parcialmente de acuerdo;Muy bien
-1;0;0;;;;;;;;;;;
6;6;100;Totalmente de acuerdo;Parcialmente de acuerdo;Totalmente de acuerdo;Totalmente de acuerdo;Totalmente de acuerdo;Totalmente en desacuerdo;Parcialmente en desacuerdo;Totalmente en desacuerdo;Totalmente de acuerdo;Totalmente en desacuerdo;Muy bien
6;6;100;Parcialmente en desacuerdo;Totalmente en desacuerdo;Parcialmente en desacuerdo;Indeciso;Indeciso;Indeciso;Parcialmente de acuerdo;Totalmente en desacuerdo;Totalmente en desacuerdo;Totalmente en desacuerdo;Regular
5;5;100;Totalmente de acuerdo;Parcialmente de acuerdo;Parcialmente de acuerdo;Totalmente de acuerdo;Totalmente de acuerdo;Parcialmente de acuerdo;Totalmente de acuerdo;Totalmente de acuerdo;Totalmente de acuerdo;Totalmente de acuerdo;Bien
5;5;100;Parcialmente de acuerdo;Parcialmente de acuerdo;Parcialmente de acuerdo;Indeciso;Parcialmente en desacuerdo;Indeciso;Totalmente de acuerdo;Totalmente en desacuerdo;Totalmente de acuerdo;Parcialmente en desacuerdo;Regular
6;6;100;Parcialmente en desacuerdo;Indeciso;Parcialmente de acuerdo;Parcialmente de acuerdo;Parcialmente en desacuerdo;Parcialmente en desacuerdo;Totalmente en desacuerdo;Indeciso;Parcialmente en desacuerdo;Parcialmente en desacuerdo;Regular
7;7;100;Parcialmente de acuerdo;Parcialmente de acuerdo;Parcialmente de acuerdo;Totalmente de acuerdo;Indeciso;Parcialmente en desacuerdo;Parcialmente en desacuerdo;Parcialmente de acuerdo;Parcialmente de acuerdo;Totalmente en desacuerdo;Regular
6;6;100;Parcialmente de acuerdo;Totalmente de acuerdo;Parcialmente de acuerdo;Totalmente de acuerdo;Totalmente de acuerdo;Totalmente de acuerdo;Indeciso;Parcialmente en desacuerdo;Totalmente en desacuerdo;Parcialmente de acuerdo;Muy bien
6;6;100;Parcialmente de acuerdo;Indeciso;Indeciso;Parcialmente de acuerdo;Indeciso;Indeciso;Totalmente en desacuerdo;Indeciso;Totalmente en desacuerdo;Indeciso;Bien
6;6;100;Parcialmente en desacuerdo;Parcialmente de acuerdo;Indeciso;Indeciso;Indeciso;Parcialmente en desacuerdo;Parcialmente en desacuerdo;Parcialmente de acuerdo;Parcialmente en desacuerdo;Totalmente en desacuerdo;Regular
5;5;100;Indeciso;Parcialmente en desacuerdo;Parcialmente en desacuerdo;Indeciso;Indeciso;Totalmente en desacuerdo;Parcialmente de acuerdo;Parcialmente de acuerdo;Parcialmente de acuerdo;Totalmente en desacuerdo;Regular
5;5;100;Parcialmente en desacuerdo;Parcialmente en desacuerdo;Parcialmente en desacuerdo;Indeciso;Parcialmente en desacuerdo;Indeciso;Indeciso;Parcialmente de acuerdo;Parcialmente en desacuerdo;Totalmente en desacuerdo;
5;5;100;Parcialmente de acuerdo;Totalmente de acuerdo;Totalmente de acuerdo;Indeciso;Indeciso;Indeciso;Parcialmente de acuerdo;Parcialmente de acuerdo;Totalmente de acuerdo;Indeciso;Muy bien
4;4;100;Parcialmente de acuerdo;Parcialmente de acuerdo;Parcialmente de acuerdo;Parcialmente en desacuerdo;Parcialmente de acuerdo;Parcialmente de acuerdo;Indeciso;Parcialmente de acuerdo;Parcialmente de acuerdo;Indeciso;Bien
2;2;100;Totalmente en desacuerdo;;;;;;;;;;Bien
6;6;100;Parcialmente de acuerdo;Parcialmente de acuerdo;Parcialmente de acuerdo;Parcialmente de acuerdo;Indeciso;Parcialmente en desacuerdo;Indeciso;Indeciso;Parcialmente en desacuerdo;Parcialmente en desacuerdo;Regular
4;4;100;Totalmente en desacuerdo;Parcialmente de acuerdo;Totalmente en desacuerdo;Totalmente en desacuerdo;Totalmente en desacuerdo;Totalmente en desacuerdo;Parcialmente de acuerdo;Totalmente en desacuerdo;Totalmente en desacuerdo;Totalmente en desacuerdo;Muy mal
6;6;100;Parcialmente de acuerdo;Indeciso;Parcialmente de acuerdo;Parcialmente de acuerdo;Indeciso;Indeciso;Totalmente en desacuerdo;Totalmente de acuerdo;Totalmente en desacuerdo;Indeciso;Bien
4;4;100;Parcialmente de acuerdo;Parcialmente en desacuerdo;Totalmente de acuerdo;Totalmente de acuerdo;Parcialmente de acuerdo;Parcialmente de acuerdo;Parcialmente en desacuerdo;Totalmente de acuerdo;Totalmente en desacuerdo;Indeciso;Muy bien
4;3;75;Totalmente en desacuerdo;Indeciso;Parcialmente en desacuerdo;Parcialmente en desacuerdo;Indeciso;Parcialmente de acuerdo;Indeciso;Indeciso;Totalmente en desacuerdo;Parcialmente en desacuerdo;Regular
4;3;75;Totalmente en desacuerdo;Parcialmente en desacuerdo;Parcialmente en desacuerdo;Indeciso;Parcialmente en desacuerdo;Parcialmente de acuerdo;Indeciso;Indeciso;Indeciso;Totalmente en desacuerdo;Mal
6;6;100;Parcialmente en desacuerdo;Parcialmente de acuerdo;Indeciso;Parcialmente de acuerdo;Parcialmente en desacuerdo;Indeciso;Totalmente en desacuerdo;Totalmente de acuerdo;Totalmente en desacuerdo;Totalmente en desacuerdo;Bien
6;6;100;Indeciso;Indeciso;Indeciso;Indeciso;Indeciso;Indeciso;Indeciso;Indeciso;Indeciso;Indeciso;Bien
5;5;100;Indeciso;Totalmente en desacuerdo;Parcialmente de acuerdo;Parcialmente de acuerdo;Parcialmente de acuerdo;Parcialmente de acuerdo;Totalmente en desacuerdo;Totalmente en desacuerdo;Totalmente de acuerdo;Indeciso;Bien
6;5;83.33333333;Parcialmente en desacuerdo;Totalmente en desacuerdo;Parcialmente de acuerdo;Parcialmente en desacuerdo;Indeciso;Parcialmente en desacuerdo;Indeciso;Totalmente en desacuerdo;Parcialmente de acuerdo;Totalmente en desacuerdo;Regular
7;7;100;Parcialmente en desacuerdo;Totalmente en desacuerdo;Totalmente en desacuerdo;Indeciso;Parcialmente de acuerdo;Totalmente en desacuerdo;Indeciso;Parcialmente de acuerdo;Parcialmente de acuerdo;Totalmente en desacuerdo;Regular
6;6;100;Parcialmente en desacuerdo;Parcialmente de acuerdo;Parcialmente de acuerdo;Indeciso;Indeciso;Totalmente en desacuerdo;Totalmente en desacuerdo;Totalmente de acuerdo;Totalmente en desacuerdo;Totalmente en desacuerdo;Regular
7;7;100;Totalmente en desacuerdo;Totalmente en desacuerdo;Totalmente en desacuerdo;Totalmente en desacuerdo;Totalmente en desacuerdo;Totalmente en desacuerdo;Totalmente en desacuerdo;Totalmente en desacuerdo;Parcialmente en desacuerdo;Totalmente en desacuerdo;Muy bien
5;5;100;Totalmente de acuerdo;Indeciso;Parcialmente de acuerdo;Indeciso;Totalmente de acuerdo;Totalmente de acuerdo;Totalmente de acuerdo;Totalmente en desacuerdo;Indeciso;Totalmente de acuerdo;Bien
7;7;100;Indeciso;Parcialmente de acuerdo;Parcialmente de acuerdo;Totalmente de acuerdo;Parcialmente de acuerdo;Totalmente de acuerdo;Totalmente de acuerdo;Parcialmente de acuerdo;Indeciso;Indeciso;Muy bien
6;6;100;Indeciso;Parcialmente de acuerdo;Parcialmente en desacuerdo;Indeciso;Parcialmente en desacuerdo;Parcialmente en desacuerdo;Parcialmente en desacuerdo;Parcialmente de acuerdo;Parcialmente en desacuerdo;Totalmente en desacuerdo;Regular
6;6;100;Parcialmente en desacuerdo;Parcialmente de acuerdo;Totalmente de acuerdo;Indeciso;Indeciso;Parcialmente en desacuerdo;Parcialmente de acuerdo;Parcialmente de acuerdo;Indeciso;Totalmente en desacuerdo;Regular
5;5;100;Totalmente de acuerdo;Indeciso;Indeciso;Indeciso;Parcialmente de acuerdo;Totalmente de acuerdo;Indeciso;Parcialmente en desacuerdo;Parcialmente de acuerdo;Parcialmente de acuerdo;Muy bien
6;6;100;Parcialmente en desacuerdo;Totalmente en desacuerdo;Parcialmente de acuerdo;Totalmente de acuerdo;Parcialmente en desacuerdo;Totalmente en desacuerdo;Indeciso;Parcialmente en desacuerdo;Parcialmente de acuerdo;Parcialmente en desacuerdo;Bien
5;5;100;Parcialmente en desacuerdo;Indeciso;Indeciso;Indeciso;Parcialmente en desacuerdo;Parcialmente de acuerdo;Parcialmente de acuerdo;Indeciso;Indeciso;Indeciso;Regular
6;6;100;Parcialmente de acuerdo;Parcialmente de acuerdo;Parcialmente de acuerdo;Totalmente de acuerdo;Totalmente de acuerdo;Totalmente de acuerdo;Indeciso;Totalmente de acuerdo;Totalmente de acuerdo;Totalmente de acuerdo;Bien
6;6;100;Totalmente de acuerdo;Totalmente en desacuerdo;Totalmente de acuerdo;Indeciso;Totalmente de acuerdo;Totalmente de acuerdo;Totalmente de acuerdo;Totalmente en desacuerdo;Totalmente de acuerdo;Totalmente de acuerdo;Bien
6;6;100;Totalmente en desacuerdo;Totalmente en desacuerdo;Indeciso;Indeciso;Indeciso;Totalmente en desacuerdo;Totalmente en desacuerdo;Indeciso;Parcialmente en desacuerdo;Totalmente en desacuerdo;Regular
5;5;100;Parcialmente en desacuerdo;Totalmente en desacuerdo;Parcialmente de acuerdo;Indeciso;Parcialmente en desacuerdo;Totalmente en desacuerdo;Totalmente en desacuerdo;Indeciso;Parcialmente en desacuerdo;Totalmente en desacuerdo;Bien
7;7;100;Parcialmente de acuerdo;Parcialmente de acuerdo;Parcialmente de acuerdo;Indeciso;Indeciso;Indeciso;Parcialmente en desacuerdo;Totalmente en desacuerdo;Totalmente en desacuerdo;Parcialmente en desacuerdo;Bien
5;3;60;Indeciso;Parcialmente en desacuerdo;Parcialmente en desacuerdo;Parcialmente de acuerdo;Indeciso;Totalmente de acuerdo;Indeciso;Parcialmente en desacuerdo;Totalmente en desacuerdo;Parcialmente en desacuerdo;Regular
6;6;100;Parcialmente de acuerdo;Totalmente en desacuerdo;Parcialmente de acuerdo;Parcialmente en desacuerdo;Parcialmente de acuerdo;Parcialmente de acuerdo;Totalmente de acuerdo;Totalmente en desacuerdo;Totalmente de acuerdo;Parcialmente en desacuerdo;Bien
6;6;100;Parcialmente en desacuerdo;Indeciso;Parcialmente de acuerdo;Parcialmente de acuerdo;Totalmente en desacuerdo;Parcialmente en desacuerdo;Parcialmente en desacuerdo;Totalmente de acuerdo;Indeciso;Parcialmente en desacuerdo;Regular
6;6;100;Parcialmente en desacuerdo;Parcialmente en desacuerdo;Parcialmente en desacuerdo;Parcialmente en desacuerdo;Parcialmente en desacuerdo;Parcialmente en desacuerdo;Parcialmente en desacuerdo;Parcialmente en desacuerdo;Parcialmente en desacuerdo;Parcialmente en desacuerdo;Bien
10;10;100;Parcialmente de acuerdo;Parcialmente en desacuerdo;Parcialmente de acuerdo;Indeciso;Parcialmente de acuerdo;Parcialmente en desacuerdo;Parcialmente en desacuerdo;Parcialmente en desacuerdo;Indeciso;Parcialmente en desacuerdo;Regular
5;0;0;Totalmente en desacuerdo;Totalmente en desacuerdo;Totalmente en desacuerdo;Totalmente en desacuerdo;Parcialmente en desacuerdo;Totalmente en desacuerdo;Parcialmente en desacuerdo;Totalmente en desacuerdo;Totalmente en desacuerdo;Totalmente en desacuerdo;Mal
6;5;83.33333333;Totalmente en desacuerdo;Parcialmente de acuerdo;Parcialmente de acuerdo;Parcialmente en desacuerdo;Indeciso;Totalmente en desacuerdo;Totalmente en desacuerdo;Parcialmente en desacuerdo;Totalmente en desacuerdo;Totalmente en desacuerdo;Regular
6;6;100;Totalmente en desacuerdo;Parcialmente en desacuerdo;Totalmente en desacuerdo;Totalmente en desacuerdo;Totalmente en desacuerdo;Totalmente en desacuerdo;Indeciso;Parcialmente en desacuerdo;Parcialmente de acuerdo;Parcialmente de acuerdo;Muy bien
6;6;100;Totalmente en desacuerdo;Totalmente en desacuerdo;Parcialmente de acuerdo;Totalmente de acuerdo;Totalmente en desacuerdo;Totalmente de acuerdo;Totalmente de acuerdo;Parcialmente de acuerdo;Parcialmente en desacuerdo;Totalmente en desacuerdo;Bien
6;6;100;Parcialmente de acuerdo;Indeciso;Parcialmente de acuerdo;Parcialmente de acuerdo;Parcialmente de acuerdo;Parcialmente de acuerdo;Parcialmente de acuerdo;Parcialmente de acuerdo;Parcialmente de acuerdo;Parcialmente de acuerdo;Regular
5;5;100;Parcialmente en desacuerdo;Parcialmente de acuerdo;Indeciso;Totalmente de acuerdo;Indeciso;Totalmente en desacuerdo;Totalmente en desacuerdo;Indeciso;Indeciso;Totalmente en desacuerdo;Bien
5;5;100;Indeciso;Parcialmente de acuerdo;Indeciso;Parcialmente en desacuerdo;Indeciso;Parcialmente en desacuerdo;Parcialmente de acuerdo;Parcialmente en desacuerdo;Parcialmente de acuerdo;Parcialmente en desacuerdo;Regular
5;5;100;Totalmente de acuerdo;Totalmente de acuerdo;Totalmente de acuerdo;Totalmente de acuerdo;Totalmente de acuerdo;Totalmente de acuerdo;Totalmente de acuerdo;Totalmente de acuerdo;Totalmente de acuerdo;Totalmente de acuerdo;Muy bien
6;6;100;Indeciso;Parcialmente de acuerdo;Parcialmente de acuerdo;Parcialmente de acuerdo;Totalmente en desacuerdo;Parcialmente en desacuerdo;Parcialmente en desacuerdo;Totalmente de acuerdo;Totalmente de acuerdo;Totalmente en desacuerdo;Muy bien
6;6;100;Parcialmente de acuerdo;Parcialmente de acuerdo;Parcialmente de acuerdo;Parcialmente de acuerdo;Parcialmente de acuerdo;Parcialmente de acuerdo;Parcialmente de acuerdo;Parcialmente de acuerdo;Parcialmente de acuerdo;Parcialmente de acuerdo;Regular
6;6;100;Indeciso;Parcialmente de acuerdo;Parcialmente de acuerdo;Indeciso;Totalmente en desacuerdo;Parcialmente en desacuerdo;Indeciso;Totalmente de acuerdo;Totalmente de acuerdo;Totalmente en desacuerdo;Bien
4;4;100;Totalmente de acuerdo;Indeciso;Parcialmente de acuerdo;Indeciso;Totalmente de acuerdo;Totalmente de acuerdo;Indeciso;Totalmente en desacuerdo;Parcialmente de acuerdo;Totalmente de acuerdo;Bien
6;6;100;Parcialmente en desacuerdo;Totalmente de acuerdo;Parcialmente de acuerdo;Parcialmente de acuerdo;Parcialmente en desacuerdo;Indeciso;Parcialmente de acuerdo;Parcialmente en desacuerdo;Totalmente de acuerdo;Indeciso;Bien
6;6;100;Indeciso;Totalmente de acuerdo;Totalmente de acuerdo;Totalmente de acuerdo;Indeciso;Parcialmente de acuerdo;Totalmente en desacuerdo;Totalmente en desacuerdo;Totalmente en desacuerdo;Parcialmente de acuerdo;Muy bien
6;6;100;Parcialmente de acuerdo;Totalmente de acuerdo;Parcialmente de acuerdo;Indeciso;Parcialmente de acuerdo;Parcialmente de acuerdo;Totalmente en desacuerdo;Totalmente de acuerdo;Parcialmente en desacuerdo;Indeciso;Bien
6;6;100;Parcialmente en desacuerdo;Indeciso;Parcialmente de acuerdo;Parcialmente de acuerdo;Indeciso;Parcialmente en desacuerdo;Parcialmente en desacuerdo;Parcialmente en desacuerdo;Parcialmente en desacuerdo;Totalmente en desacuerdo;Mal
6;6;100;Parcialmente de acuerdo;Parcialmente de acuerdo;Totalmente de acuerdo;Indeciso;Parcialmente de acuerdo;Indeciso;Totalmente en desacuerdo;Totalmente en desacuerdo;Totalmente en desacuerdo;Indeciso;Bien
6;6;100;Parcialmente en desacuerdo;Parcialmente de acuerdo;Indeciso;Totalmente de acuerdo;Parcialmente en desacuerdo;Totalmente en desacuerdo;Parcialmente de acuerdo;Parcialmente en desacuerdo;Totalmente de acuerdo;Parcialmente en desacuerdo;Bien
6;5;83.33333333;Parcialmente de acuerdo;Parcialmente de acuerdo;Parcialmente de acuerdo;Indeciso;Indeciso;Indeciso;Parcialmente de acuerdo;Parcialmente de acuerdo;Totalmente de acuerdo;Parcialmente de acuerdo;Bien
6;6;100;Parcialmente en desacuerdo;Totalmente de acuerdo;Totalmente de acuerdo;Parcialmente de acuerdo;Indeciso;Parcialmente en desacuerdo;Parcialmente en desacuerdo;Totalmente en desacuerdo;Totalmente en desacuerdo;Parcialmente en desacuerdo;Regular
6;6;100;Indeciso;Indeciso;Parcialmente de acuerdo;Indeciso;Indeciso;Parcialmente en desacuerdo;Indeciso;Indeciso;Indeciso;Parcialmente en desacuerdo;Mal
5;2;40;Indeciso;Indeciso;Indeciso;Parcialmente en desacuerdo;Indeciso;Indeciso;Indeciso;Parcialmente de acuerdo;Parcialmente de acuerdo;Parcialmente de acuerdo;Mal
5;5;100;Indeciso;Parcialmente de acuerdo;Parcialmente de acuerdo;;Indeciso;Parcialmente de acuerdo;Parcialmente en desacuerdo;Parcialmente en desacuerdo;Parcialmente en desacuerdo;Indeciso;Muy bien
6;6;100;Parcialmente de acuerdo;Totalmente de acuerdo;Parcialmente de acuerdo;Indeciso;Totalmente de acuerdo;Parcialmente de acuerdo;Indeciso;Parcialmente de acuerdo;Indeciso;Parcialmente de acuerdo;Bien
7;7;100;Parcialmente de acuerdo;Indeciso;Parcialmente de acuerdo;Parcialmente de acuerdo;Parcialmente de acuerdo;Indeciso;Totalmente en desacuerdo;Indeciso;Parcialmente en desacuerdo;Indeciso;Bien
5;5;100;Indeciso;Indeciso;Indeciso;Indeciso;Indeciso;Indeciso;Indeciso;Indeciso;Indeciso;Indeciso;Bien
5;5;100;Totalmente de acuerdo;Indeciso;Parcialmente de acuerdo;Parcialmente de acuerdo;Totalmente de acuerdo;Totalmente de acuerdo;Indeciso;Parcialmente de acuerdo;Parcialmente de acuerdo;Totalmente de acuerdo;Regular
7;7;100;Parcialmente de acuerdo;Totalmente de acuerdo;Parcialmente de acuerdo;Parcialmente de acuerdo;Parcialmente de acuerdo;Parcialmente de acuerdo;Parcialmente de acuerdo;Parcialmente de acuerdo;Parcialmente de acuerdo;Parcialmente en desacuerdo;Bien
7;7;100;Indeciso;Parcialmente de acuerdo;Indeciso;Indeciso;Parcialmente en desacuerdo;Parcialmente en desacuerdo;Parcialmente en desacuerdo;Indeciso;Parcialmente de acuerdo;Parcialmente en desacuerdo;Regular
6;6;100;Parcialmente en desacuerdo;Parcialmente de acuerdo;Parcialmente en desacuerdo;Totalmente en desacuerdo;Parcialmente en desacuerdo;Totalmente en desacuerdo;Totalmente de acuerdo;Totalmente en desacuerdo;Totalmente de acuerdo;Indeciso;Regular
7;5;71.42857143;Parcialmente de acuerdo;Parcialmente en desacuerdo;Parcialmente de acuerdo;Indeciso;Parcialmente de acuerdo;Parcialmente de acuerdo;Parcialmente en desacuerdo;Totalmente en desacuerdo;Totalmente en desacuerdo;Indeciso;Bien
6;6;100;Totalmente en desacuerdo;Indeciso;Parcialmente en desacuerdo;Parcialmente en desacuerdo;Indeciso;Parcialmente en desacuerdo;Parcialmente de acuerdo;Totalmente en desacuerdo;Parcialmente de acuerdo;Indeciso;Regular
7;7;100;Indeciso;Parcialmente en desacuerdo;Parcialmente de acuerdo;Parcialmente de acuerdo;Indeciso;Indeciso;Parcialmente de acuerdo;Parcialmente de acuerdo;Parcialmente de acuerdo;Totalmente en desacuerdo;Regular
6;6;100;Parcialmente de acuerdo;Parcialmente de acuerdo;Parcialmente de acuerdo;Totalmente de acuerdo;Parcialmente de acuerdo;Parcialmente de acuerdo;Parcialmente de acuerdo;Indeciso;Indeciso;Indeciso;Regular
6;6;100;Indeciso;Totalmente de acuerdo;Parcialmente de acuerdo;Indeciso;Indeciso;Totalmente en desacuerdo;Indeciso;Indeciso;Indeciso;Totalmente en desacuerdo;Regular
6;6;100;Indeciso;Parcialmente de acuerdo;Parcialmente de acuerdo;Indeciso;Indeciso;Parcialmente en desacuerdo;Parcialmente de acuerdo;Totalmente en desacuerdo;Totalmente en desacuerdo;Indeciso;Regular
6;6;100;Totalmente de acuerdo;Totalmente en desacuerdo;Totalmente de acuerdo;Indeciso;Parcialmente de acuerdo;Totalmente en desacuerdo;Indeciso;Totalmente de acuerdo;Totalmente en desacuerdo;Totalmente en desacuerdo;Bien
6;6;100;Parcialmente en desacuerdo;Parcialmente de acuerdo;Indeciso;Totalmente de acuerdo;Parcialmente en desacuerdo;Totalmente en desacuerdo;Parcialmente de acuerdo;Parcialmente en desacuerdo;Totalmente de acuerdo;Parcialmente en desacuerdo;Bien
2;2;100;Indeciso;Indeciso;Parcialmente de acuerdo;Parcialmente de acuerdo;Parcialmente de acuerdo;Parcialmente de acuerdo;Indeciso;Parcialmente de acuerdo;Indeciso;Parcialmente de acuerdo;Regular
4;4;100;Parcialmente de acuerdo;Totalmente de acuerdo;Parcialmente de acuerdo;Parcialmente de acuerdo;Parcialmente de acuerdo;Parcialmente de acuerdo;Totalmente de acuerdo;Totalmente en desacuerdo;Totalmente en desacuerdo;Parcialmente de acuerdo;Mal
5;4;80;Indeciso;Indeciso;Parcialmente en desacuerdo;Parcialmente en desacuerdo;Parcialmente de acuerdo;Parcialmente de acuerdo;Totalmente de acuerdo;Totalmente de acuerdo;Totalmente de acuerdo;Parcialmente de acuerdo;Regular
6;6;100;Totalmente de acuerdo;Totalmente en desacuerdo;Totalmente de acuerdo;Parcialmente en desacuerdo;Parcialmente en desacuerdo;Totalmente de acuerdo;Totalmente de acuerdo;Totalmente en desacuerdo;Totalmente de acuerdo;Indeciso;Muy bien
6;6;100;Parcialmente en desacuerdo;Totalmente en desacuerdo;Parcialmente de acuerdo;Parcialmente de acuerdo;Indeciso;Totalmente de acuerdo;Parcialmente en desacuerdo;Parcialmente de acuerdo;Totalmente en desacuerdo;Totalmente en desacuerdo;Regular
6;6;100;Indeciso;Parcialmente de acuerdo;Parcialmente en desacuerdo;Parcialmente de acuerdo;Parcialmente en desacuerdo;Parcialmente en desacuerdo;Parcialmente en desacuerdo;Parcialmente en desacuerdo;Parcialmente en desacuerdo;Indeciso;Regular
6;5;83.33333333;Parcialmente de acuerdo;Parcialmente de acuerdo;Parcialmente de acuerdo;Totalmente de acuerdo;Totalmente de acuerdo;Parcialmente de acuerdo;Parcialmente de acuerdo;Totalmente de acuerdo;Parcialmente de acuerdo;Indeciso;Muy bien
6;6;100;Totalmente en desacuerdo;Parcialmente de acuerdo;Parcialmente de acuerdo;Indeciso;Parcialmente de acuerdo;Parcialmente de acuerdo;Totalmente de acuerdo;Totalmente de acuerdo;Parcialmente de acuerdo;Totalmente en desacuerdo;Regular
5;5;100;Parcialmente en desacuerdo;Parcialmente de acuerdo;Parcialmente de acuerdo;Totalmente de acuerdo;Parcialmente de acuerdo;Parcialmente en desacuerdo;Parcialmente de acuerdo;Parcialmente en desacuerdo;Parcialmente de acuerdo;Totalmente en desacuerdo;Bien
6;6;100;Parcialmente de acuerdo;Parcialmente de acuerdo;Parcialmente de acuerdo;Parcialmente de acuerdo;Parcialmente de acuerdo;Parcialmente de acuerdo;Parcialmente de acuerdo;Parcialmente de acuerdo;Parcialmente de acuerdo;Parcialmente de acuerdo;Bien
6;6;100;Totalmente de acuerdo;Indeciso;Parcialmente de acuerdo;Parcialmente de acuerdo;Totalmente de acuerdo;Totalmente de acuerdo;Parcialmente en desacuerdo;Parcialmente de acuerdo;Parcialmente en desacuerdo;Parcialmente de acuerdo;Muy bien
6;6;100;Parcialmente de acuerdo;Totalmente de acuerdo;Totalmente de acuerdo;Totalmente de acuerdo;Parcialmente de acuerdo;Totalmente de acuerdo;Parcialmente de acuerdo;Indeciso;Indeciso;Parcialmente de acuerdo;Bien
8;8;100;Indeciso;Indeciso;Parcialmente de acuerdo;Totalmente de acuerdo;Parcialmente de acuerdo;Parcialmente de acuerdo;Indeciso;Parcialmente de acuerdo;Indeciso;Parcialmente de acuerdo;Bien
6;5;83.33333333;Indeciso;Indeciso;Totalmente de acuerdo;Indeciso;Indeciso;Parcialmente en desacuerdo;Indeciso;Parcialmente en desacuerdo;Parcialmente de acuerdo;Totalmente en desacuerdo;Bien
6;6;100;Parcialmente de acuerdo;Totalmente en desacuerdo;Parcialmente de acuerdo;Parcialmente en desacuerdo;Parcialmente de acuerdo;Parcialmente de acuerdo;Totalmente de acuerdo;Parcialmente de acuerdo;Totalmente de acuerdo;Parcialmente de acuerdo;Muy bien
6;6;100;Indeciso;Indeciso;Parcialmente de acuerdo;Indeciso;Indeciso;Indeciso;Parcialmente en desacuerdo;Parcialmente en desacuerdo;Parcialmente en desacuerdo;Parcialmente en desacuerdo;Regular
6;6;100;Parcialmente de acuerdo;Indeciso;Parcialmente de acuerdo;Indeciso;Parcialmente en desacuerdo;Parcialmente en desacuerdo;Parcialmente en desacuerdo;Parcialmente en desacuerdo;Parcialmente en desacuerdo;Parcialmente en desacuerdo;Regular
6;6;100;Totalmente en desacuerdo;Parcialmente de acuerdo;Parcialmente de acuerdo;Indeciso;Parcialmente de acuerdo;Parcialmente de acuerdo;Totalmente de acuerdo;Totalmente de acuerdo;Parcialmente de acuerdo;Totalmente en desacuerdo;Regular
6;6;100;Parcialmente en desacuerdo;Parcialmente de acuerdo;Totalmente en desacuerdo;Parcialmente de acuerdo;Indeciso;Totalmente en desacuerdo;Indeciso;Parcialmente de acuerdo;Totalmente de acuerdo;Parcialmente en desacuerdo;Mal
6;6;100;Totalmente en desacuerdo;Totalmente en desacuerdo;Totalmente en desacuerdo;Totalmente en desacuerdo;Totalmente en desacuerdo;Totalmente en desacuerdo;Totalmente en desacuerdo;Indeciso;Totalmente en desacuerdo;Totalmente en desacuerdo;Mal
4;2;50;Parcialmente en desacuerdo;Totalmente en desacuerdo;Totalmente en desacuerdo;Totalmente en desacuerdo;Totalmente en desacuerdo;Totalmente en desacuerdo;Totalmente en desacuerdo;Totalmente en desacuerdo;Totalmente en desacuerdo;Totalmente en desacuerdo;Mal
3;3;100;Indeciso;Indeciso;Indeciso;Indeciso;Totalmente de acuerdo;Totalmente de acuerdo;Totalmente de acuerdo;Totalmente de acuerdo;Totalmente en desacuerdo;Totalmente de acuerdo;Regular
3;3;100;Indeciso;Parcialmente en desacuerdo;Totalmente en desacuerdo;Indeciso;Parcialmente en desacuerdo;Parcialmente en desacuerdo;Indeciso;Indeciso;Parcialmente en desacuerdo;Indeciso;Regular
6;6;100;Parcialmente en desacuerdo;Parcialmente en desacuerdo;Parcialmente de acuerdo;Indeciso;Indeciso;Parcialmente en desacuerdo;Totalmente de acuerdo;Parcialmente en desacuerdo;Indeciso;Totalmente en desacuerdo;Regular
6;6;100;Parcialmente en desacuerdo;Totalmente en desacuerdo;Parcialmente de acuerdo;Parcialmente de acuerdo;Indeciso;Totalmente de acuerdo;Parcialmente en desacuerdo;Parcialmente de acuerdo;Totalmente en desacuerdo;Totalmente en desacuerdo;Regular
6;6;100;Parcialmente de acuerdo;Indeciso;Totalmente de acuerdo;Indeciso;Totalmente en desacuerdo;Totalmente en desacuerdo;Totalmente en desacuerdo;Totalmente de acuerdo;Totalmente de acuerdo;Totalmente en desacuerdo;Bien
3;3;100;Indeciso;Totalmente en desacuerdo;Parcialmente de acuerdo;Parcialmente de acuerdo;Parcialmente en desacuerdo;Indeciso;Indeciso;Parcialmente en desacuerdo;Totalmente en desacuerdo;Indeciso;Muy bien
5;5;100;Indeciso;Totalmente en desacuerdo;Parcialmente de acuerdo;Parcialmente en desacuerdo;Parcialmente de acuerdo;Parcialmente de acuerdo;Totalmente en desacuerdo;Totalmente de acuerdo;Parcialmente de acuerdo;Indeciso;Bien
6;6;100;Parcialmente de acuerdo;Parcialmente de acuerdo;Parcialmente de acuerdo;Parcialmente de acuerdo;Indeciso;Parcialmente de acuerdo;Parcialmente de acuerdo;Indeciso;Parcialmente en desacuerdo;Indeciso;Bien
7;5;71.42857143;Parcialmente de acuerdo;Parcialmente en desacuerdo;Parcialmente de acuerdo;Parcialmente en desacuerdo;Parcialmente de acuerdo;Parcialmente de acuerdo;Indeciso;Indeciso;Totalmente en desacuerdo;Parcialmente de acuerdo;Bien
6;5;83.33333333;Indeciso;Parcialmente en desacuerdo;Indeciso;Parcialmente de acuerdo;Indeciso;Totalmente en desacuerdo;Parcialmente en desacuerdo;Totalmente en desacuerdo;Totalmente en desacuerdo;Totalmente en desacuerdo;Mal
6;6;100;Parcialmente de acuerdo;Parcialmente de acuerdo;Parcialmente de acuerdo;Indeciso;Parcialmente de acuerdo;Indeciso;Indeciso;Parcialmente de acuerdo;Indeciso;Indeciso;Bien
5;5;100;Indeciso;Indeciso;Parcialmente en desacuerdo;Indeciso;Parcialmente de acuerdo;Parcialmente de acuerdo;Parcialmente de acuerdo;Totalmente de acuerdo;Totalmente de acuerdo;Indeciso;Regular
7;7;100;Totalmente en desacuerdo;Totalmente en desacuerdo;Indeciso;Parcialmente de acuerdo;Parcialmente en desacuerdo;Parcialmente en desacuerdo;Parcialmente en desacuerdo;Parcialmente de acuerdo;Indeciso;Totalmente en desacuerdo;Bien
6;6;100;Parcialmente de acuerdo;Indeciso;Parcialmente de acuerdo;Parcialmente de acuerdo;Parcialmente de acuerdo;Parcialmente de acuerdo;Indeciso;Indeciso;Parcialmente de acuerdo;Parcialmente de acuerdo;Bien
6;6;100;Parcialmente en desacuerdo;Indeciso;Parcialmente de acuerdo;Parcialmente de acuerdo;Indeciso;Parcialmente en desacuerdo;Parcialmente en desacuerdo;Indeciso;Indeciso;Parcialmente en desacuerdo;Bien
6;6;100;Parcialmente de acuerdo;Totalmente de acuerdo;Parcialmente de acuerdo;Parcialmente de acuerdo;Indeciso;Indeciso;Parcialmente en desacuerdo;Indeciso;Parcialmente en desacuerdo;Indeciso;Bien
6;6;100;Parcialmente en desacuerdo;Totalmente en desacuerdo;Parcialmente en desacuerdo;Parcialmente en desacuerdo;Parcialmente en desacuerdo;Parcialmente de acuerdo;Indeciso;Totalmente de acuerdo;Totalmente de acuerdo;Parcialmente de acuerdo;Regular
5;2;40;Parcialmente en desacuerdo;Parcialmente en desacuerdo;Parcialmente en desacuerdo;Parcialmente en desacuerdo;Parcialmente en desacuerdo;Parcialmente en desacuerdo;Parcialmente en desacuerdo;Parcialmente en desacuerdo;Totalmente en desacuerdo;Parcialmente en desacuerdo;Regular
8;8;100;Parcialmente en desacuerdo;Parcialmente en desacuerdo;Indeciso;Indeciso;Parcialmente en desacuerdo;Parcialmente en desacuerdo;Parcialmente de acuerdo;Indeciso;Indeciso;Parcialmente en desacuerdo;Bien
6;6;100;Parcialmente en desacuerdo;Parcialmente de acuerdo;Parcialmente de acuerdo;Indeciso;Indeciso;Parcialmente en desacuerdo;Parcialmente en desacuerdo;Parcialmente en desacuerdo;Parcialmente en desacuerdo;Totalmente en desacuerdo;Bien
6;6;100;Parcialmente de acuerdo;Totalmente de acuerdo;Totalmente de acuerdo;Parcialmente en desacuerdo;Parcialmente de acuerdo;Totalmente de acuerdo;Parcialmente de acuerdo;Parcialmente de acuerdo;Totalmente en desacuerdo;Parcialmente de acuerdo;Bien
6;5;83.33333333;Indeciso;Parcialmente de acuerdo;Parcialmente en desacuerdo;Indeciso;Parcialmente en desacuerdo;Indeciso;Indeciso;Indeciso;Parcialmente en desacuerdo;Parcialmente en desacuerdo;Regular
5;5;100;Parcialmente de acuerdo;Parcialmente de acuerdo;Parcialmente de acuerdo;Indeciso;Parcialmente en desacuerdo;Parcialmente de acuerdo;Parcialmente de acuerdo;Totalmente de acuerdo;Totalmente en desacuerdo;Indeciso;Bien
4;3;75;Parcialmente de acuerdo;Indeciso;Parcialmente de acuerdo;Parcialmente de acuerdo;Parcialmente de acuerdo;Parcialmente de acuerdo;Parcialmente en desacuerdo;Parcialmente en desacuerdo;Totalmente en desacuerdo;Indeciso;Bien
6;6;100;Parcialmente de acuerdo;Totalmente de acuerdo;Parcialmente de acuerdo;Parcialmente de acuerdo;Indeciso;Parcialmente de acuerdo;Indeciso;Parcialmente en desacuerdo;Parcialmente en desacuerdo;Indeciso;Regular
7;7;100;Indeciso;Totalmente de acuerdo;Parcialmente de acuerdo;Parcialmente de acuerdo;Parcialmente en desacuerdo;Indeciso;Parcialmente en desacuerdo;Parcialmente de acuerdo;Parcialmente de acuerdo;Totalmente en desacuerdo;Regular
7;7;100;Parcialmente en desacuerdo;Parcialmente en desacuerdo;Parcialmente de acuerdo;Parcialmente de acuerdo;Parcialmente en desacuerdo;Totalmente en desacuerdo;Parcialmente en desacuerdo;Parcialmente en desacuerdo;Indeciso;Parcialmente en desacuerdo;Bien
7;7;100;Parcialmente en desacuerdo;Totalmente en desacuerdo;Parcialmente de acuerdo;Indeciso;Parcialmente en desacuerdo;Parcialmente de acuerdo;Parcialmente de acuerdo;Parcialmente en desacuerdo;Indeciso;Parcialmente en desacuerdo;Regular
5;5;100;Totalmente de acuerdo;Parcialmente en desacuerdo;Parcialmente de acuerdo;Indeciso;Parcialmente de acuerdo;Indeciso;Totalmente de acuerdo;Totalmente en desacuerdo;Totalmente de acuerdo;Indeciso;Bien
5;5;100;Totalmente de acuerdo;Parcialmente de acuerdo;Totalmente de acuerdo;Totalmente de acuerdo;Totalmente de acuerdo;Parcialmente de acuerdo;Parcialmente en desacuerdo;Indeciso;Indeciso;Parcialmente de acuerdo;Bien
6;6;100;Parcialmente de acuerdo;Parcialmente de acuerdo;Parcialmente de acuerdo;Indeciso;Parcialmente de acuerdo;Indeciso;Parcialmente de acuerdo;Indeciso;Parcialmente de acuerdo;Parcialmente de acuerdo;Regular
6;6;100;Parcialmente en desacuerdo;Parcialmente de acuerdo;Parcialmente de acuerdo;Totalmente de acuerdo;Indeciso;Parcialmente en desacuerdo;Parcialmente en desacuerdo;Parcialmente de acuerdo;Parcialmente en desacuerdo;Indeciso;Bien
9;9;100;Totalmente de acuerdo;Totalmente en desacuerdo;Indeciso;Totalmente de acuerdo;Indeciso;Totalmente en desacuerdo;Totalmente de acuerdo;Totalmente en desacuerdo;Totalmente en desacuerdo;Indeciso;Bien
8;8;100;Parcialmente de acuerdo;Parcialmente de acuerdo;Parcialmente en desacuerdo;Indeciso;Parcialmente en desacuerdo;Indeciso;Parcialmente en desacuerdo;Parcialmente de acuerdo;Totalmente en desacuerdo;Parcialmente en desacuerdo;Bien
6;6;100;Parcialmente de acuerdo;Indeciso;Parcialmente de acuerdo;Indeciso;Parcialmente de acuerdo;Parcialmente de acuerdo;Totalmente en desacuerdo;Parcialmente en desacuerdo;Parcialmente de acuerdo;Indeciso;Bien
5;5;100;Totalmente de acuerdo;Parcialmente de acuerdo;Totalmente de acuerdo;Parcialmente de acuerdo;Totalmente de acuerdo;Totalmente de acuerdo;Parcialmente de acuerdo;Parcialmente de acuerdo;Indeciso;Totalmente de acuerdo;Bien
6;6;100;Parcialmente de acuerdo;Indeciso;Parcialmente de acuerdo;Parcialmente de acuerdo;Indeciso;Parcialmente de acuerdo;Totalmente de acuerdo;Indeciso;Indeciso;Indeciso;Regular
6;5;83.33333333;Indeciso;Indeciso;Indeciso;Totalmente de acuerdo;Indeciso;Totalmente en desacuerdo;Totalmente en desacuerdo;Totalmente en desacuerdo;Totalmente de acuerdo;Totalmente en desacuerdo;Bien
7;7;100;Parcialmente de acuerdo;Totalmente de acuerdo;Parcialmente de acuerdo;Indeciso;Parcialmente de acuerdo;Parcialmente de acuerdo;Parcialmente de acuerdo;Parcialmente en desacuerdo;Indeciso;Indeciso;Regular
6;6;100;Parcialmente en desacuerdo;Totalmente en desacuerdo;Parcialmente de acuerdo;Totalmente de acuerdo;Parcialmente en desacuerdo;Totalmente en desacuerdo;Totalmente en desacuerdo;Parcialmente de acuerdo;Parcialmente en desacuerdo;Totalmente en desacuerdo;Bien
5;5;100;Parcialmente de acuerdo;Totalmente de acuerdo;Totalmente de acuerdo;Totalmente de acuerdo;Parcialmente de acuerdo;Totalmente de acuerdo;Parcialmente de acuerdo;Parcialmente de acuerdo;Parcialmente de acuerdo;Indeciso;Muy bien
5;5;100;Totalmente en desacuerdo;Totalmente de acuerdo;Totalmente de acuerdo;Totalmente de acuerdo;Parcialmente de acuerdo;Totalmente en desacuerdo;Totalmente de acuerdo;Totalmente en desacuerdo;Totalmente de acuerdo;Totalmente en desacuerdo;Bien
4;4;100;Totalmente en desacuerdo;Totalmente en desacuerdo;Totalmente en desacuerdo;Parcialmente en desacuerdo;Totalmente en desacuerdo;;Totalmente en desacuerdo;Totalmente en desacuerdo;Totalmente en desacuerdo;Totalmente en desacuerdo;Regular
7;7;100;Indeciso;Totalmente en desacuerdo;Parcialmente en desacuerdo;Totalmente de acuerdo;Indeciso;Parcialmente de acuerdo;Totalmente en desacuerdo;Parcialmente de acuerdo;Parcialmente en desacuerdo;Totalmente en desacuerdo;Muy bien
4;4;100;Parcialmente de acuerdo;Totalmente de acuerdo;Parcialmente de acuerdo;Totalmente de acuerdo;Indeciso;Indeciso;Parcialmente de acuerdo;Totalmente de acuerdo;Parcialmente de acuerdo;Indeciso;Muy bien
7;7;100;Parcialmente de acuerdo;Parcialmente en desacuerdo;Totalmente de acuerdo;Totalmente de acuerdo;Parcialmente de acuerdo;Indeciso;Parcialmente de acuerdo;Parcialmente de acuerdo;Parcialmente en desacuerdo;Totalmente en desacuerdo;Regular
6;6;100;Parcialmente de acuerdo;Parcialmente de acuerdo;Indeciso;Parcialmente de acuerdo;Parcialmente de acuerdo;Indeciso;Indeciso;Indeciso;Indeciso;Parcialmente en desacuerdo;Bien
6;6;100;Totalmente de acuerdo;Parcialmente de acuerdo;Totalmente de acuerdo;Parcialmente en desacuerdo;Totalmente de acuerdo;Totalmente de acuerdo;Indeciso;Indeciso;Indeciso;Totalmente de acuerdo;Muy bien
6;6;100;Indeciso;Parcialmente de acuerdo;Parcialmente en desacuerdo;Indeciso;Indeciso;Parcialmente en desacuerdo;Indeciso;Indeciso;Indeciso;Indeciso;Regular
6;6;100;Indeciso;Parcialmente en desacuerdo;Parcialmente de acuerdo;Parcialmente de acuerdo;Indeciso;Totalmente en desacuerdo;Parcialmente en desacuerdo;Indeciso;Indeciso;Totalmente en desacuerdo;Bien
6;6;100;Parcialmente en desacuerdo;Parcialmente de acuerdo;Parcialmente de acuerdo;Parcialmente de acuerdo;Parcialmente de acuerdo;Totalmente en desacuerdo;Parcialmente de acuerdo;Parcialmente en desacuerdo;Parcialmente en desacuerdo;Totalmente en desacuerdo;Bien
4;3;75;Parcialmente en desacuerdo;Parcialmente de acuerdo;Indeciso;Parcialmente en desacuerdo;Indeciso;Indeciso;Parcialmente de acuerdo;Parcialmente de acuerdo;Indeciso;Parcialmente en desacuerdo;Regular
6;6;100;Parcialmente en desacuerdo;Parcialmente de acuerdo;Parcialmente de acuerdo;Parcialmente de acuerdo;Parcialmente de acuerdo;Parcialmente de acuerdo;Indeciso;Indeciso;Parcialmente de acuerdo;Indeciso;Bien
6;6;100;Totalmente de acuerdo;Indeciso;Totalmente de acuerdo;Totalmente de acuerdo;Parcialmente de acuerdo;Totalmente de acuerdo;Totalmente de acuerdo;Parcialmente en desacuerdo;Indeciso;Totalmente de acuerdo;Bien
7;7;100;Parcialmente de acuerdo;Parcialmente en desacuerdo;Parcialmente de acuerdo;Parcialmente en desacuerdo;Parcialmente de acuerdo;Totalmente en desacuerdo;Parcialmente en desacuerdo;Indeciso;Parcialmente en desacuerdo;Parcialmente en desacuerdo;Bien
7;7;100;Parcialmente de acuerdo;Parcialmente de acuerdo;Parcialmente de acuerdo;Parcialmente de acuerdo;Indeciso;Totalmente en desacuerdo;Parcialmente de acuerdo;Parcialmente en desacuerdo;Parcialmente de acuerdo;Totalmente en desacuerdo;Bien
8;8;100;Parcialmente de acuerdo;Totalmente en desacuerdo;Parcialmente de acuerdo;Totalmente de acuerdo;Indeciso;Totalmente en desacuerdo;Totalmente de acuerdo;Totalmente en desacuerdo;Totalmente de acuerdo;Indeciso;Muy bien
4;4;100;Parcialmente de acuerdo;Parcialmente de acuerdo;Parcialmente de acuerdo;Parcialmente de acuerdo;Parcialmente de acuerdo;Parcialmente de acuerdo;Parcialmente de acuerdo;Parcialmente de acuerdo;Parcialmente de acuerdo;Parcialmente de acuerdo;Regular
8;8;100;Indeciso;Indeciso;Parcialmente de acuerdo;Indeciso;Indeciso;Parcialmente de acuerdo;Totalmente de acuerdo;Parcialmente de acuerdo;Totalmente en desacuerdo;Parcialmente en desacuerdo;Bien
6;6;100;Parcialmente de acuerdo;Parcialmente en desacuerdo;Parcialmente en desacuerdo;Parcialmente de acuerdo;Totalmente en desacuerdo;Totalmente en desacuerdo;Parcialmente en desacuerdo;Totalmente de acuerdo;Parcialmente en desacuerdo;Parcialmente en desacuerdo;Regular
6;6;100;Parcialmente en desacuerdo;Totalmente de acuerdo;Parcialmente de acuerdo;Indeciso;Indeciso;Parcialmente de acuerdo;Indeciso;Indeciso;Indeciso;Totalmente en desacuerdo;Regular
2;1;50;Parcialmente de acuerdo;Parcialmente en desacuerdo;Parcialmente de acuerdo;Parcialmente en desacuerdo;Parcialmente en desacuerdo;Totalmente en desacuerdo;Totalmente de acuerdo;Totalmente de acuerdo;Indeciso;Parcialmente en desacuerdo;Regular
9;9;100;Parcialmente de acuerdo;Parcialmente de acuerdo;Indeciso;Totalmente de acuerdo;Parcialmente de acuerdo;Parcialmente en desacuerdo;Indeciso;Indeciso;Parcialmente de acuerdo;Parcialmente en desacuerdo;Bien
6;6;100;Totalmente en desacuerdo;Totalmente en desacuerdo;Parcialmente de acuerdo;Parcialmente de acuerdo;Totalmente en desacuerdo;Totalmente en desacuerdo;Totalmente en desacuerdo;Totalmente en desacuerdo;Totalmente en desacuerdo;Totalmente en desacuerdo;Bien
6;6;100;Parcialmente de acuerdo;Totalmente de acuerdo;Parcialmente de acuerdo;Parcialmente de acuerdo;Indeciso;Indeciso;Parcialmente en desacuerdo;Indeciso;Parcialmente en desacuerdo;Indeciso;Bien
2;2;100;Totalmente en desacuerdo;Parcialmente de acuerdo;Parcialmente de acuerdo;Totalmente de acuerdo;Parcialmente de acuerdo;Totalmente de acuerdo;Parcialmente de acuerdo;Indeciso;Totalmente en desacuerdo;Totalmente en desacuerdo;Muy bien
7;7;100;Indeciso;Parcialmente de acuerdo;Indeciso;Parcialmente en desacuerdo;Indeciso;Parcialmente en desacuerdo;Totalmente de acuerdo;Parcialmente de acuerdo;Parcialmente de acuerdo;Parcialmente en desacuerdo;Regular
